CREATE DATABASE org;
SHOW DATABASES;

USE org;

CREATE TABLE employee(
 EMP_ID INT NOT NULL PRIMARY KEY AUTO_INCREMENT,
 FIRST_NAME VARCHAR(255),
 LAST_NAME VARCHAR(255),
 SALARY INT(15),
 JOINING_DATE DATETIME,
 DEPARTMENT CHAR(25)
 );

INSERT INTO employee
(EMP_ID, FIRST_NAME, LAST_NAME, SALARY, JOINING_DATE, DEPARTMENT) VALUES
(001, 'Monika', 'Arora', 100000, '14-02-20 09.00.00', 'HR'),
(002, 'Niharika', 'Verma', 80000, '14-06-11 09.00.00', 'Admin'),
(003, 'Vishal', 'Singhal', 300000, '14-02-20 09.00.00', 'HR'),
(004, 'Amitabh', 'Singh', 500000, '14-02-20 09.00.00', 'Admin'),
(005, 'Vivek', 'Bhati', 500000, '14-06-11 09.00.00', 'Admin'),
(006, 'Vipul', 'Diwan', 200000, '14-06-11 09.00.00', 'Account'),
(007, 'Satish', 'Kumar', 75000, '14-01-20 09.00.00', 'Account'),
(008, 'Geetika', 'Chauhan', 90000, '14-04-11 09.00.00', 'Admin');

SELECT * FROM employee WHERE FIRST_NAME LIKE '_a%'; 
 
 CREATE TABLE Bonus (
	EMP_REF_ID INT,
	BONUS_AMOUNT INT(10),
	BONUS_DATE DATETIME,
	FOREIGN KEY (EMP_REF_ID)
		REFERENCES employee(EMP_ID)
        ON DELETE CASCADE
);

INSERT INTO Bonus 
	(EMP_REF_ID, BONUS_AMOUNT, BONUS_DATE) VALUES
		(001, 5000, '16-02-20'),
		(002, 3000, '16-06-11'),
		(003, 4000, '16-02-20'),
		(001, 4500, '16-02-20'),
		(002, 3500, '16-06-11');
		
CREATE TABLE Title (
	EMP_REF_ID INT,
	EMP_TITLE CHAR(25),
	AFFECTED_FROM DATETIME,
	FOREIGN KEY (EMP_REF_ID)
		REFERENCES employee(EMP_ID)
        ON DELETE CASCADE
);

INSERT INTO Title 
	(EMP_REF_ID, EMP_TITLE, AFFECTED_FROM) VALUES
 (001, 'Manager', '2016-02-20 00:00:00'),
 (002, 'Executive', '2016-06-11 00:00:00'),
 (008, 'Executive', '2016-06-11 00:00:00'),
 (005, 'Manager', '2016-06-11 00:00:00'),
 (004, 'Asst. Manager', '2016-06-11 00:00:00'),
 (007, 'Executive', '2016-06-11 00:00:00'),
 (006, 'Lead', '2016-06-11 00:00:00'),
 (003, 'Lead', '2016-06-11 00:00:00');
 
SELECT * FROM employee WHERE DEPARTMENT IN ('HR', 'ADMIN');
 
SELECT * FROM employee WHERE SALARY BETWEEN 100000 AND 300000;

SELECT * FROM employee WHERE DEPARTMENT='HR' OR DEPARTMENT='ADMIN';

INSERT INTO employee VALUES(009, 'Manish', 'Sahu', 100000, '14-01-20 09.00.00', NULL);

-- SORTING
SELECT * FROM employee ORDER BY SALARY ; 
SELECT * FROM employee ORDER BY SALARY DESC; 

SELECT COUNT(SALARY) FROM employee;

SELECT COUNT(DISTINCT DEPARTMENT) AS NUMBER_OF_DEPTS FROM employee;

-- GROUP BY
SELECT DEPARTMENT, COUNT(DEPARTMENT) FROM employee GROUP BY DEPARTMENT;

-- FIND AVG SALARY PER DEPT
SELECT DEPARTMENT, AVG(SALARY) FROM employee GROUP BY DEPARTMENT;

SELECT DEPARTMENT, COUNT(DEPARTMENT) FROM employee GROUP BY DEPARTMENT HAVING COUNT(DEPARTMENT)>2;




